{
    "eval_loss": 2.6796655654907227,
    "eval_model_preparation_time": 0.0096,
    "eval_runtime": 4.9685,
    "eval_samples_per_second": 1.208,
    "eval_steps_per_second": 1.208,
    "eval_entropy": 2.3635358015696206,
    "eval_num_tokens": 0.0,
    "eval_mean_token_accuracy": 0.4577021598815918,
    "perplexity": 14.580216352916088,
    "timestamp": "2026-07-03 13:29:55"
}